{
	"str":	"Hello World!",
	"x":	[5, 0, 870361701, 33],
	"t1":	[{
			"val":	-1895170056,
			"fl":	0,
			"b2":	-4080,
			"ll":	"119",
			"ch":	80,
			"db":	0.02500001522957862
		}, {
			"val":	-1889131184,
			"fl":	4.5553410478271153e-41,
			"b2":	722,
			"ll":	"139623202816360",
			"ch":	101,
			"db":	33333.4445555
		}]
}