{
	"val":	496510376,
	"fl":	1.2000000476837158,
	"b2":	-1201,
	"ll":	"1234567890",
	"ch":	80,
	"db":	20302435.24235
}