{
	"str":	"Hello World!",
	"x":	[5, 0, 870361701, 33],
	"t1":	[{
			"val":	1,
			"fl":	0,
			"b2":	16,
			"ll":	"116",
			"ch":	80,
			"db":	0.025000019042423105
		}, {
			"val":	893323512,
			"fl":	4.5912142885138307e-41,
			"b2":	722,
			"ll":	"0",
			"ch":	101,
			"db":	6.95255114556085e-310
		}],
	"str":	"Hello World!",
	"x":	[5, 0, 870361701, 33],
	"t1":	[{
			"val":	1,
			"fl":	0,
			"b2":	16,
			"ll":	"116",
			"ch":	80,
			"db":	0.025000019042423105
		}, {
			"val":	893323512,
			"fl":	4.5912142885138307e-41,
			"b2":	722,
			"ll":	"0",
			"ch":	101,
			"db":	6.95255114556085e-310
		}]
}