{
	"val":	-524349440,
	"fl":	1.2000000476837158,
	"b2":	2296,
	"ll":	"1234567890",
	"ch":	0,
	"db":	20302435.24235
}