{
	"str":	"Hello World!",
	"x":	[5, 0, 870361701, 33],
	"t1":	[{
			"val":	-1036201992,
			"fl":	0,
			"b2":	12304,
			"ll":	"120",
			"ch":	80,
			"db":	0.025000013492269657
		}, {
			"val":	-1030163120,
			"fl":	4.5736980577097704e-41,
			"b2":	722,
			"ll":	"140186702500200",
			"ch":	101,
			"db":	33333.4445555
		}]
}