{
	"val":	-2124072256,
	"fl":	1.2000000476837158,
	"b2":	-2736,
	"ll":	"1234567890",
	"ch":	104,
	"db":	20302435.24235
}