{
	"str":	"Hello World!",
	"x":	[5, 32558, 870361701, 33],
	"t1":	[{
			"val":	496510336,
			"fl":	4.5913544183602631e-41,
			"b2":	-4080,
			"ll":	"117",
			"ch":	80,
			"db":	0.025000007683080888
		}, {
			"val":	2142960463,
			"fl":	4.5623475401487394e-41,
			"b2":	722,
			"ll":	"139837690275152",
			"ch":	101,
			"db":	0
		}],
	"str":	"Hello World!",
	"x":	[5, 32558, 870361701, 33],
	"t1":	[{
			"val":	496510336,
			"fl":	4.5913544183602631e-41,
			"b2":	-4080,
			"ll":	"117",
			"ch":	80,
			"db":	0.025000007683080888
		}, {
			"val":	2142960463,
			"fl":	4.5623475401487394e-41,
			"b2":	722,
			"ll":	"139837690275152",
			"ch":	101,
			"db":	0
		}]
}